Rizky iky@gmail.com Rizky lufgaj12
Sandhita dhita@gmail.com Sdhta12 lufgaj12
Reva repa@gmail.com revaa lufgaj2134
Rimuru rmru@gmail.com Rmru etcwRIM123
Carrera carrera@gmail.com carrera@gmail.com etcwCAR123
Ultima ultm@gmail.com Ultimatum etcwULTI123 
abcd ta@gmail.com user122 lufgaj1234 
rouge rouge@gmail.com roulege sgmyvr123 
tesenkrip en@gmail.com abcd sumgvj123 
rain rain@gmail.com userrain lufgaj123 
tesenkripnew tes@gmail.com tesenkrip lufgaj123 
Pengguna1 email@gmail.com userpenggunna1 lufgaj123TQFXRV 
dss das@aadff afaeff lufgajLUFGAJ123 
Raihan rhan@gmail.com userrhan LUFGAJlufgaj123 
isan isan@gmail.com zuhri 4
isan zuhri@gmail.com isan 2
isan zuhri@gmail.com isanz 3
gege gege@gmail.com gege 3
ikhsan ikhsan@gmail.com isan123 1
ikhsan ikhsa@gmail.com sann 3
dhea dhea@gmail.com dhea 3
iksan iksan@gmail.com iksan amkcx12
zhri zhri@gmail.com zhri fzqf12
Bangroy Roy@gmail.com Roy3 1r
Asep asp@asp Asepishere lufgajKRIPTO123
ayam ayam@gmail.com ayam12 lufgajKRIPTO123
ajnsc aaadjb@gmail.com kkajdadw lufgajKRIPTO123
acccbj abcd@gmail.com anakayam lufgajLUFGAJ123@#
Bandung A dblo lufgajLUFGAJ123
asajaeuh Bdg@gmail.com bdg12 lufgajLUFGAJ123@#
SAYA SAYA@gmail.com SAYAUSER lufgajLUFGAJ123
hvs hvs@gmail.com hvsnih jbh12321
pulpen pulpen@gmail.com pulpen yvlpvm12
tisu tisuu@gmail.com tisuu Uleeik12
lamp lamp@gmail.com lampp whns12321
lampu lampu@gmail.com lampu whnsl123
glass glass@gmail.com glass xksuh123
proyek proyek@gmail.com proyek vjaisa12321
proyek proyek@gmail.com Proyek Vjaisa12321
Kertas 11kertas@gmail.com Kertas Yubxsu1212
tws tws@gmail.com twstws iph12345
google google@gmail.com google awioax123
harish harish@gmail.com rish qfre12345
headset headset@gmail.com headset sldmosj123
tumbler tumbler@gmail.com Tumbler Ghzoaxf123
doll doll@gmail.com Doll Unhz12321
kaca kaca@gmail.com Kaca Ueeg12321
